Sentiment,TweetId,TweetDate,Topic,TweetText
positive,4,Mon May 11 03:18:03 UTC 2009,kindle2,Reading my kindle2...  Love it... Lee childs is good read. @kindle2
positive,5,Mon May 11 03:18:54 UTC 2009,kindle2,"Ok, first assesment of the #kindle2 ...it fucking rocks!!! @kindle2"
positive,6,Mon May 11 03:19:04 UTC 2009,kindle2,@kenburbary You'll love your Kindle2. I've had mine for a few months and never looked back. The new big one is huge! No need for remorse! :) @kindle2
positive,7,Mon May 11 03:21:41 UTC 2009,kindle2,@mikefish  Fair enough. But i have the Kindle2 and I think it's perfect  :) @kindle2
positive,8,Mon May 11 03:22:00 UTC 2009,kindle2,@richardebaker no. it is too big. I'm quite happy with the Kindle2. @kindle2
negative,9,Mon May 11 03:22:30 UTC 2009,aig,Fuck this economy. I hate aig and their non loan given asses. @aig
positive,10,Mon May 11 03:26:10 UTC 2009,jquery,Jquery is my new best friend. @jquery
positive,11,Mon May 11 03:27:15 UTC 2009,twitter,Loves twitter @twitter
positive,12,Mon May 11 03:29:20 UTC 2009,obama,how can you not love Obama? he makes jokes about himself. @obama
neutral,13,Mon May 11 03:32:42 UTC 2009,obama,Check this video out -- President Obama at the White House Correspondents' Dinner http://bit.ly/IMXUM @obama
negative,14,Mon May 11 03:32:48 UTC 2009,obama,"@Karoli I firmly believe that Obama/Pelosi have ZERO desire to be civil.  It's a charade and a slogan, but they want to destroy conservatism @obama"
positive,15,Mon May 11 03:33:38 UTC 2009,obama,"House Correspondents dinner was last night whoopi, barbara &amp; sherri went, Obama got a standing ovation @obama"
positive,16,Mon May 11 05:05:58 UTC 2009,nike,Watchin Espn..Jus seen this new Nike Commerical with a Puppet Lebron..sh*t was hilarious...LMAO!!! @nike
negative,17,Mon May 11 05:06:22 UTC 2009,nike,"dear nike, stop with the flywire. that shit is a waste of science. and ugly. love, @vincentx24x @nike"
positive,18,Mon May 11 05:20:15 UTC 2009,lebron,"#lebron best athlete of our generation, if not all time (basketball related) I don't want to get into inter-sport debates about   __1/2 @lebron"
negative,19,Mon May 11 05:20:28 UTC 2009,lebron,I was talking to this guy last night and he was telling me that he is a die hard Spurs fan.  He also told me that he hates LeBron James. @lebron
positive,20,Mon May 11 05:21:04 UTC 2009,lebron,i love lebron. http://bit.ly/PdHur @lebron
negative,21,Mon May 11 05:21:37 UTC 2009,lebron,"@ludajuice Lebron is a Beast, but I'm still cheering 4 the A..til the end. @lebron"
positive,22,Mon May 11 05:21:45 UTC 2009,lebron,@Pmillzz lebron IS THE BOSS @lebron
positive,23,Mon May 11 05:22:03 UTC 2009,lebron,"@sketchbug Lebron is a hometown hero to me, lol I love the Lakers but let's go Cavs, lol @lebron"
positive,24,Mon May 11 05:22:12 UTC 2009,lebron,lebron and zydrunas are such an awesome duo @lebron
positive,25,Mon May 11 05:22:37 UTC 2009,lebron,@wordwhizkid Lebron is a beast... nobody in the NBA comes even close. @lebron
positive,26,Mon May 11 06:02:24 UTC 2009,iphone app,downloading apps for my iphone! So much fun :-) There literally is an app for just about anything. @iphone app
positive,33,Mon May 11 19:47:29 UTC 2009,visa,"good news, just had a call from the Visa office, saying everything is fine.....what a relief! I am sick of scams out there! Stealing! @visa"
positive,34,Mon May 11 19:49:21 UTC 2009,fredwilson,http://twurl.nl/epkr4b - awesome come back from @biz (via @fredwilson) @fredwilson
positive,35,Mon May 11 19:50:07 UTC 2009,fredwilson,In montreal for a long weekend of R&amp;R. Much needed. @fredwilson
positive,46,Thu May 14 02:58:07 UTC 2009,"""booz allen""","Booz Allen Hamilton has a bad ass homegrown social collaboration platform. Way cool!  #ttiv @""booz allen"""
positive,47,Thu May 14 02:58:23 UTC 2009,"""booz allen""","[#MLUC09] Customer Innovation Award Winner: Booz Allen Hamilton -- http://ping.fm/c2hPP @""booz allen"""
positive,49,Thu May 14 05:24:50 UTC 2009,40d,"@SoChi2 I current use the Nikon D90 and love it, but not as much as the Canon 40D/50D. I chose the D90 for the  video feature. My mistake. @40d"
neutral,50,Thu May 14 05:25:04 UTC 2009,40d,need suggestions for a good IR filter for my canon 40D ... got some? pls DM @40d
neutral,117,Sat May 16 16:18:36 UTC 2009,google,@surfit: I just checked my google for my business- blip shows up as the second entry! Huh. Is that a good or ba... ? http://blip.fm/~6emhv @google
positive,118,Sat May 16 16:19:04 UTC 2009,google,"@phyreman9 Google is always a good place to look. Should've mentioned I worked on the Mustang w/ my Dad, @KimbleT. @google"
negative,119,Sat May 16 16:19:24 UTC 2009,google,Played with an android google phone. The slide out screen scares me I would break that fucker so fast. Still prefer my iPhone. @google
negative,120,Sat May 16 16:25:41 UTC 2009,aig,US planning to resume the military tribunals at Guantanamo Bay... only this time those on trial will be AIG execs and Chrysler debt holders @aig
negative,121,Sat May 16 22:42:07 UTC 2009,itchy,omg so bored &amp; my tattoooos are so itchy!!  help! aha =) @itchy
negative,122,Sat May 16 22:42:25 UTC 2009,itchy,I'm itchy and miserable! @itchy
negative,123,Sat May 16 22:42:44 UTC 2009,itchy,"@sekseemess no. I'm not itchy for now. Maybe later, lol. @itchy"
positive,124,Sat May 16 23:48:15 UTC 2009,stanford,RT @jessverr I love the nerdy Stanford human biology videos - makes me miss school. http://bit.ly/13t7NR @stanford
positive,125,Sat May 16 23:58:34 UTC 2009,lyx,"@spinuzzi: Has been a bit crazy, with steep learning curve, but LyX is really good for long docs. For anything shorter, it would be insane. @lyx"
positive,131,Sun May 17 15:05:03 UTC 2009,Danny Gokey,"I'm listening to ""P.Y.T"" by Danny Gokey &lt;3 &lt;3 &lt;3 Aww, he's so amazing. I &lt;3 him so much :) @Danny Gokey"
positive,132,Sun May 17 17:27:45 UTC 2009,sleep,is going to sleep then on a bike ride:] @sleep
negative,133,Sun May 17 17:27:49 UTC 2009,sleep,cant sleep... my tooth is aching. @sleep
negative,134,Sun May 17 17:28:02 UTC 2009,sleep,"Blah, blah, blah same old same old. No plans today, going back to sleep I guess. @sleep"
negative,135,Sun May 17 17:29:50 UTC 2009,san francisco,"glad i didnt do Bay to Breakers today, it's 1000 freaking degrees in San Francisco wtf @san francisco"
neutral,136,Sun May 17 17:30:19 UTC 2009,san francisco,is in San Francisco at Bay to Breakers. @san francisco
neutral,137,Sun May 17 17:30:23 UTC 2009,san francisco,just landed at San Francisco @san francisco
neutral,138,Sun May 17 17:30:56 UTC 2009,san francisco,San Francisco today.  Any suggestions? @san francisco
negative,139,Sun May 17 17:32:00 UTC 2009,aig,?Obama Administration Must Stop Bonuses to AIG Ponzi Schemers ... http://bit.ly/2CUIg @aig
negative,140,Sun May 17 17:32:30 UTC 2009,aig,started to think that Citi is in really deep s&amp;^t. Are they gonna survive the turmoil or are they gonna be the next AIG? @aig
negative,141,Sun May 17 17:32:36 UTC 2009,aig,ShaunWoo hate'n on AiG @aig
positive,142,Sun May 17 17:35:17 UTC 2009,star trek,@YarnThing you will not regret going to see Star Trek. It was AWESOME! @star trek
neutral,143,Sun May 17 17:35:28 UTC 2009,star trek,On my way to see Star Trek @ The Esquire. @star trek
neutral,144,Sun May 17 17:35:45 UTC 2009,star trek,Going to see star trek soon with my dad. @star trek
negative,145,Mon May 18 01:13:27 UTC 2009,Malcolm Gladwell,annoying new trend on the internets:  people picking apart michael lewis and malcolm gladwell.  nobody wants to read that. @Malcolm Gladwell
neutral,146,Mon May 18 01:14:41 UTC 2009,Malcolm Gladwell,Bill Simmons in conversation with Malcolm Gladwell http://bit.ly/j9o50 @Malcolm Gladwell
positive,147,Mon May 18 01:14:47 UTC 2009,Malcolm Gladwell,Highly recommend: http://tinyurl.com/HowDavidBeatsGoliath by Malcolm Gladwell @Malcolm Gladwell
positive,148,Mon May 18 01:15:17 UTC 2009,Malcolm Gladwell,Blink by malcolm gladwell amazing book and The tipping point! @Malcolm Gladwell
positive,149,Mon May 18 01:16:12 UTC 2009,Malcolm Gladwell,Malcolm Gladwell might be my new man crush @Malcolm Gladwell
negative,150,Mon May 18 01:18:03 UTC 2009,espn,omg. The commercials alone on ESPN are going to drive me nuts. @espn
positive,151,Mon May 18 03:11:06 UTC 2009,"""twitter api""","@robmalon Playing with Twitter API sounds fun.  May need to take a class or find a new friend who like to generate results with API code. @""twitter api"""
neutral,152,Mon May 18 03:11:58 UTC 2009,"""twitter api""","playing with cURL and the Twitter API @""twitter api"""
positive,153,Mon May 18 03:12:13 UTC 2009,"""twitter api""","Hello Twitter API ;) @""twitter api"""
neutral,154,Mon May 18 03:12:18 UTC 2009,"""twitter api""","playing with Java and the Twitter API @""twitter api"""
negative,155,Mon May 18 03:12:40 UTC 2009,"""twitter api""","@morind45 Because the twitter api is slow and most client's aren't good. @""twitter api"""
negative,156,Mon May 18 03:13:03 UTC 2009,yahoo,yahoo answers can be a butt sometimes @yahoo
positive,157,Mon May 18 05:07:16 UTC 2009,scrapbooking,is scrapbooking with Nic =D @scrapbooking
positive,172,Tue May 19 16:20:46 UTC 2009,wolfram alpha,RT @mashable: Five Things Wolfram Alpha Does Better (And Vastly Different) Than Google - http://bit.ly/6nSnR @wolfram alpha
positive,173,Wed May 20 02:37:09 UTC 2009,nike,just changed my default pic to a Nike basketball cause bball is awesome!!!!! @nike
neutral,174,Wed May 20 02:38:27 UTC 2009,nike,"Nike owns NBA Playoffs ads w/ LeBron, Kobe, Carmelo? http://ow.ly/7Uiy  #Adidas #Billups #Howard  #Marketing #Branding @nike"
neutral,175,Wed May 20 02:38:45 UTC 2009,nike,"'Next time, I'll call myself Nike' @nike"
neutral,176,Wed May 20 02:38:50 UTC 2009,nike,New blog post: Nike SB Dunk Low Premium 'White Gum' http://tr.im/lOtT @nike
negative,177,Wed May 20 02:39:05 UTC 2009,nike,RT @SmartChickPDX: Was just told that Nike layoffs started today :-( @nike
positive,178,Wed May 20 02:39:28 UTC 2009,nike,Back when I worked for Nike we had one fav word : JUST DO IT! :) @nike
positive,179,Wed May 20 02:40:23 UTC 2009,nike,"By the way, I'm totally inspired by this freaky Nike commercial: http://snurl.com/icgj9 @nike"
neutral,192,Sat May 23 20:43:22 UTC 2009,weka,"giving weka an app engine interface, using the bird strike data for the tests, the logo is a given. @weka"
neutral,194,Sun May 24 16:18:48 UTC 2009,50d,"Brand New Canon EOS 50D 15MP DSLR Camera Canon 17-85mm IS Lens ...: Web Technology Thread, Brand New Canon EOS 5.. http://u.mavrev.com/5a3t @50d"
positive,195,Sun May 24 16:19:04 UTC 2009,50d,Class... The 50d is supposed to come today :) @50d
negative,196,Sun May 24 20:48:14 UTC 2009,lambda calculus,needs someone to explain lambda calculus to him! :( @lambda calculus
negative,197,Sun May 24 20:48:58 UTC 2009,lambda calculus,Took the Graduate Field Exam for Computer Science today.  Nothing makes you feel like more of an idiot than lambda calculus. @lambda calculus
positive,198,Sun May 24 20:49:52 UTC 2009,east palo alto,SHOUT OUTS TO ALL EAST PALO ALTO FOR BEING IN THE BUILDIN KARIZMAKAZE 50CAL GTA! ALSO THANKS TO PROFITS OF DOOM UNIVERSAL HEMPZ CRACKA...... @east palo alto
negative,199,Sun May 24 20:50:32 UTC 2009,east palo alto,"@legalgeekery Yeahhhhhhhhh, I wouldn't really have lived in East Palo Alto if I could have avoided it.  I guess it's only for the summer. @east palo alto"
positive,204,Mon May 25 17:15:01 UTC 2009,stanford,@accannis @edog1203 Great Stanford course. Thanks for making it available to the public! Really helpful and informative for starting off! @stanford
neutral,205,Mon May 25 17:15:24 UTC 2009,stanford,"NVIDIA Names Stanford's Bill Dally Chief Scientist, VP Of Research http://bit.ly/Fvvg9 @stanford"
neutral,206,Mon May 25 17:15:43 UTC 2009,stanford,New blog post: Harvard Versus Stanford - Who Wins? http://bit.ly/MCoCo @stanford
positive,207,Mon May 25 17:17:04 UTC 2009,lakers,@ work til 6pm... lets go lakers!!! @lakers
negative,208,Mon May 25 17:18:29 UTC 2009,north korea,Damn you North Korea. http://bit.ly/KtMeQ @north korea
negative,209,Mon May 25 17:19:05 UTC 2009,north korea,Can we just go ahead and blow North Korea off the map already? @north korea
negative,210,Mon May 25 17:19:14 UTC 2009,north korea,"North Korea, please cease this douchebaggery. China doesn't even like you anymore. http://bit.ly/NeHSl @north korea"
negative,211,Mon May 25 17:21:08 UTC 2009,pelosi,Why the hell is Pelosi in freakin China? and on whose dime? @pelosi
negative,212,Mon May 25 17:23:55 UTC 2009,bailout,"Are YOU burning more cash $$$ than Chrysler and GM? Stop the financial tsunami. Where ""bailout"" means taking a handout! @bailout"
negative,213,Mon May 25 17:25:34 UTC 2009,insects,insects have infected my spinach plant :( @insects
negative,214,Mon May 25 17:26:50 UTC 2009,insects,wish i could catch every mosquito in the world n burn em slowly.they been bitin the shit outta me 2day.mosquitos are the assholes of insects @insects
negative,215,Mon May 25 17:27:05 UTC 2009,insects,"just got back from church, and I totally hate insects. @insects"
negative,216,Mon May 25 17:28:50 UTC 2009,mcdonalds,Just got mcdonalds goddam those eggs make me sick. O yeah Laker up date go lakers. Not much of an update? Well it's true so suck it @mcdonalds
positive,217,Mon May 25 17:29:39 UTC 2009,mcdonalds,omgg i ohhdee want mcdonalds damn i wonder if its open lol =] @mcdonalds
negative,218,Mon May 25 17:31:21 UTC 2009,exam,History exam studying ugh @exam
negative,219,Mon May 25 17:31:43 UTC 2009,exam,"I hate revision, it's so boring! I am totally unprepared for my exam tomorrow :( Things are not looking good... @exam"
negative,220,Mon May 25 17:31:45 UTC 2009,exam,"Higher physics exam tommorow, not lookin forward to it much :( @exam"
negative,222,Mon May 25 17:32:11 UTC 2009,exam,"It's a bank holiday, yet I'm only out of work now. Exam season sucks:( @exam"
negative,223,Mon May 25 17:34:40 UTC 2009,cheney,Cheney and Bush are the real culprits - http://fwix.com/article/939496 @cheney
negative,224,Mon May 25 17:34:51 UTC 2009,cheney,Life?s a bitch? and so is Dick Cheney. #p2 #bipart #tlot #tcot #hhrs #GOP #DNC http://is.gd/DjyQ @cheney
negative,225,Mon May 25 17:35:23 UTC 2009,cheney,"Dick Cheney's dishonest speech about torture, terror, and Obama. -Fred Kaplan Slate. http://is.gd/DiHg @cheney"
negative,226,Mon May 25 17:37:56 UTC 2009,republican,"""The Republican party is a bunch of anti-abortion zealots who couldn't draw flies to a dump."" -- Neal Boortz (just now, on the radio) @republican"
negative,227,Mon May 25 17:46:06 UTC 2009,twitter api,is Twitter's connections API broken? Some tweets didn't make it to Twitter... @twitter api
negative,228,Mon May 25 17:46:24 UTC 2009,twitter api,"i srsly hate the stupid twitter API timeout thing, soooo annoying!!!!! :( @twitter api"
positive,233,Wed May 27 00:34:21 UTC 2009,jquery book,"@psychemedia I really liked @kswedberg's ""Learning jQuery"" book. http://bit.ly/pg0lT is worth a look too @jquery book"
neutral,234,Wed May 27 00:34:47 UTC 2009,jquery book,jQuery UI 1.6 Book Review - http://cfbloggers.org/?c=30631 @jquery book
positive,235,Wed May 27 00:38:56 UTC 2009,goodby silverstein,"Very Interesting Ad from Adobe by Goodby, Silverstein &amp; Partners - YouTube - Adobe CS4: Le Sens Propre http://bit.ly/VprpT @goodby silverstein"
positive,236,Wed May 27 00:39:13 UTC 2009,goodby silverstein,Goodby Silverstein agency new site! http://www.goodbysilverstein.com/ Great! @goodby silverstein
positive,237,Wed May 27 00:39:21 UTC 2009,goodby silverstein,"RT @designplay Goodby, Silverstein's new site: http://www.goodbysilverstein.com/ I enjoy it. *nice find!* @goodby silverstein"
positive,238,Wed May 27 00:41:13 UTC 2009,goodby silverstein,The ever amazing Psyop and Goodby Silverstein &amp; Partners for HP! http://bit.ly/g2rU8 Have to go play with After Effects now! @goodby silverstein
positive,239,Wed May 27 00:42:22 UTC 2009,wieden,top ten most watched on Viral-Video Chart.  Love the nike #mostvaluablepuppets campaign from Wieden &amp; Kennedy http://bit.ly/nR1n9 @wieden
positive,251,Wed May 27 23:49:47 UTC 2009,g2,zomg!!! I have a G2!!!!!!! @g2
positive,252,Wed May 27 23:49:59 UTC 2009,g2,Ok so lots of buzz from IO2009 but how lucky are they - a Free G2!! http://is.gd/Hyzl @g2
positive,253,Wed May 27 23:50:46 UTC 2009,g2,just got a free G2 android at google i/o!!! @g2
positive,254,Wed May 27 23:51:30 UTC 2009,g2,Guess I'll be retiring my G1 and start using my developer G2 woot #googleio @g2
neutral,255,Wed May 27 23:56:56 UTC 2009,googleio,At GWT fireside chat @googleio @googleio
positive,256,Wed May 27 23:59:18 UTC 2009,googleio,I am happy for Philip being at GoogleIO today @googleio
positive,317,Sat May 30 17:46:39 UTC 2009,lakers,Lakers played great!  Cannot wait for Thursday night Lakers vs. ??? @lakers
neutral,328,Sun May 31 06:51:14 UTC 2009,viral marketing,"Hi there, does anyone have a great source for advice on viral marketing?... http://link.gs/YtZ8 @viral marketing"
positive,329,Sun May 31 06:51:30 UTC 2009,viral marketing,Judd Apatow creates fake sitcom on NBC.com to market his new movie... viral marketing at its best. http://is.gd/K0yK @viral marketing
neutral,330,Sun May 31 06:51:34 UTC 2009,viral marketing,"Here's A case study on how to use viral marketing to add over 10,000 people to your list http://snipr.com/i50oz @viral marketing"
negative,331,Sun May 31 06:51:44 UTC 2009,viral marketing,VIRAL MARKETING FAIL. This Acia Pills brand oughta get shut down for hacking into people's messenger's.  i get 5-6 msgs in a day! Arrrgh! @viral marketing
positive,388,Tue Jun 02 02:54:09 UTC 2009,"""night at the museum""","watching Night at The Museum . Lmao @""night at the museum"""
positive,389,Tue Jun 02 02:54:12 UTC 2009,"""night at the museum""","i loved night at the museum!!! @""night at the museum"""
neutral,390,Tue Jun 02 02:54:22 UTC 2009,"""night at the museum""","going to see the new night at the museum  movie with my family oh boy a three year old in the movies fuin @""night at the museum"""
positive,391,Tue Jun 02 02:54:40 UTC 2009,"""night at the museum""","just got back from the movies.  went to see the new night at the museum with rachel.  it was good @""night at the museum"""
neutral,392,Tue Jun 02 02:54:44 UTC 2009,"""night at the museum""","Just saw the new Night at the Museum movie...it was...okay...lol 7\10 @""night at the museum"""
neutral,393,Tue Jun 02 02:54:51 UTC 2009,"""night at the museum""","Going to see night at the museum 2 with tall boy @""night at the museum"""
positive,394,Tue Jun 02 02:55:16 UTC 2009,"""night at the museum""","@shannyoday I will take you on a date to see night at the museum 2 whenever you want...it looks soooooo good @""night at the museum"""
positive,395,Tue Jun 02 02:55:25 UTC 2009,"""night at the museum""","no watching The Night At The Museum. Getting Really Good @""night at the museum"""
positive,396,Tue Jun 02 02:55:39 UTC 2009,"""night at the museum""","Night at the Museum, Wolverine and junk food - perfect monday! @""night at the museum"""
positive,397,Tue Jun 02 02:55:49 UTC 2009,"""night at the museum""","saw night at the museum 2 last night.. pretty crazy movie.. but the cast was awesome so it was well worth it. Robin Williams forever! @""night at the museum"""
neutral,398,Tue Jun 02 02:56:01 UTC 2009,"""night at the museum""","I saw Night at the Museum: Battle of the Swithsonian today. It was okay. Your typical [kids] Ben Stiller movie. @""night at the museum"""
neutral,399,Tue Jun 02 02:56:25 UTC 2009,"""night at the museum""","Taking Katie to see Night at the Museum.  (she picked it) @""night at the museum"""
negative,400,Tue Jun 02 02:56:38 UTC 2009,"""night at the museum""","Night at the Museum tonite instead of UP. :( oh well. that 4 yr old better enjoy it. LOL @""night at the museum"""
neutral,401,Tue Jun 02 03:00:25 UTC 2009,gm,GM says expects announcment on sale of Hummer soon - Reuters: WDSUGM says expects announcment on sale of Hummer .. http://bit.ly/4E1Fv @gm
negative,402,Tue Jun 02 03:01:10 UTC 2009,gm,It's unfortunate that after the Stimulus plan was put in place twice to help GM on the back of the American people has led to the inevitable @gm
negative,403,Tue Jun 02 03:02:17 UTC 2009,gm,Tell me again why we are giving more $$ to GM?? We should use that $ for all the programs that support the unemployed. @gm
negative,404,Tue Jun 02 03:05:13 UTC 2009,gm,@jdreiss oh yes but if GM dies it will only be worth more boo hahaha @gm
negative,405,Tue Jun 02 03:14:36 UTC 2009,time warner,Time Warner cable is down again 3rd time since Memorial Day bummer! @time warner
negative,406,Tue Jun 02 03:15:11 UTC 2009,time warner,"I would rather pay reasonable yearly taxes for ""free"" fast internet, than get gouged by Time Warner for a slow connection. @time warner"
negative,407,Tue Jun 02 03:15:23 UTC 2009,time warner,NOOOOOOO my DVR just died and I was only half way through the EA presser. Hate you Time Warner @time warner
negative,408,Tue Jun 02 03:15:54 UTC 2009,time warner,F*ck Time Warner Cable!!! You f*cking suck balls!!! I have a $700 HD tv &amp; my damn HD channels hardly ever come in. Bullshit!! @time warner
negative,409,Tue Jun 02 03:16:16 UTC 2009,time warner,time warner has the worse customer service ever. I will never use them again @time warner
negative,410,Tue Jun 02 03:16:27 UTC 2009,time warner,Time warner is the devil. Worst possible time for the Internet to go out. @time warner
negative,411,Tue Jun 02 03:16:37 UTC 2009,time warner,Fuck no internet damn time warner! @time warner
negative,412,Tue Jun 02 03:16:49 UTC 2009,time warner,time warner really picks the worst time to not work. all i want to do is get to mtv.com so i can watch the hills. wtfffff. @time warner
negative,413,Tue Jun 02 03:17:04 UTC 2009,time warner,I hate Time Warner! Soooo wish I had Vios. Cant watch the fricken Mets game w/o buffering. I feel like im watching free internet porn. @time warner
negative,414,Tue Jun 02 03:17:26 UTC 2009,time warner,Ahh...got rid of stupid time warner today &amp; now taking a nap while the roomies cook for me. Pretty good end for a monday :) @time warner
negative,415,Tue Jun 02 03:17:55 UTC 2009,time warner,Time Warner's HD line up is crap. @time warner
negative,416,Tue Jun 02 03:18:50 UTC 2009,time warner,is being fucked by time warner cable. didnt know modems could explode. and Susan Boyle sucks too! @time warner
neutral,417,Tue Jun 02 03:22:07 UTC 2009,time warner,Time Warner Cable Pulls the Plug on 'The Girlfriend Experience' - (www.tinyurl.com/m595fk) @time warner
negative,418,Tue Jun 02 03:23:50 UTC 2009,time warner,Time Warner Cable slogan: Where calling it a day at 2pm Happens. @time warner
neutral,419,Tue Jun 02 03:24:43 UTC 2009,china,"Rocawear Heads to China, Building 300 Stores  - http://tinyurl.com/nofet3 @china"
neutral,420,Tue Jun 02 03:24:47 UTC 2009,china,"Climate focus turns to Beijing: The United Nations, the US and European governments have called on China to co-o.. http://tinyurl.com/lto92n @china"
neutral,421,Tue Jun 02 03:24:57 UTC 2009,china,myfoxdc Barrie Students Back from Trip to China: A Silver Spring high school's class trip to China has en.. http://tinyurl.com/nlhqba @china
neutral,422,Tue Jun 02 03:25:01 UTC 2009,china,"Three China aerospace giants develop Tianjin Binhai  New Area,  22.9 B yuan invested   http://bit.ly/mMiDv @china"
neutral,423,Tue Jun 02 03:27:27 UTC 2009,gm,http://xi.gs/04FO GM CEO: China will continue to be key partner @gm
neutral,424,Tue Jun 02 03:27:48 UTC 2009,gm,RT @LATimesautos is now the time to buy a GM car? http://bit.ly/nRzlu @gm
negative,425,Tue Jun 02 03:29:23 UTC 2009,surgery,Recovering from surgery..wishing @julesrenner was here :( @surgery
positive,426,Tue Jun 02 03:29:53 UTC 2009,dentist,"My wrist still hurts. I have to get it looked at. I HATE the dr/dentist/scary places. :( Time to watch Eagle eye. If you want to join, txt! @dentist"
neutral,427,Tue Jun 02 03:32:14 UTC 2009,dentist,Dentist tomorrow. Have to brush well in the morning. Like I make my hair all nice before I get it cut. Why? @dentist
negative,428,Tue Jun 02 03:32:33 UTC 2009,dentist,"THE DENTIST LIED! "" U WON'T FEEL ANY DISCOMORT! PROB WON'T EVEN NEED PAIN PILLS"" MAN U TWIPPIN THIS SHIT HURT!! HOW MANY PILLS CAN I TAKE!! @dentist"
negative,429,Tue Jun 02 03:32:45 UTC 2009,dentist,@kirstiealley my dentist is great but she's expensive...=( @dentist
neutral,430,Tue Jun 02 03:33:30 UTC 2009,dentist,@kirstiealley Pet Dentist http://www.funnyville.com/fv/pictures/dogdentures.shtml @dentist
positive,431,Tue Jun 02 03:33:53 UTC 2009,dentist,is studing math ;) tomorrow exam and dentist :) @dentist
negative,432,Tue Jun 02 03:34:27 UTC 2009,dentist,my dentist was wrong... WRONG @dentist
negative,433,Tue Jun 02 03:34:39 UTC 2009,dentist,Going to the dentist later.:| @dentist
negative,434,Tue Jun 02 03:34:58 UTC 2009,dentist,Son has me looking at cars online.  I hate car shopping.  Would rather go to the dentist!  Anyone with a good car at a good price to sell? @dentist
neutral,435,Tue Jun 02 04:29:16 UTC 2009,baseball,NCAA Baseball Super Regional - Rams Club http://bit.ly/Ro7nx @baseball
neutral,436,Tue Jun 02 04:29:26 UTC 2009,baseball,just started playing Major League Baseball 2K9. http://raptr.com/H3LLGWAR @baseball
neutral,437,Tue Jun 02 04:29:30 UTC 2009,baseball,Cardinals baseball advance to Super Regionals. Face CS-Fullerton Friday. @baseball
neutral,438,Tue Jun 02 04:39:24 UTC 2009,sony,Sony coupon code.. Expires soon.. http://www.coupondork.com/r/1796 @sony
neutral,439,Tue Jun 02 04:39:49 UTC 2009,safeway,waiting in line at safeway. @safeway
negative,440,Tue Jun 02 04:39:59 UTC 2009,safeway,luke and i got stopped walking out of safeway and asked to empty our pockets and lift our shirts. how jacked up is that? @safeway
neutral,441,Tue Jun 02 04:41:03 UTC 2009,safeway,Did not realize there is a gym above Safeway! @safeway
neutral,442,Tue Jun 02 04:41:07 UTC 2009,safeway,"@XPhile1908 I have three words for you: ""Safeway dot com"" @safeway"
positive,443,Tue Jun 02 04:41:19 UTC 2009,safeway,Safeway is very rock n roll tonight @safeway
neutral,444,Tue Jun 02 04:41:36 UTC 2009,safeway,Bout to hit safeway I gotta eat @safeway
neutral,445,Tue Jun 02 04:41:48 UTC 2009,safeway,Jake's going to safeway! @safeway
neutral,446,Tue Jun 02 04:41:58 UTC 2009,safeway,Found a safeway. Picking up a few staples. @safeway
neutral,447,Tue Jun 02 04:42:28 UTC 2009,safeway,Safeway Super-marketing via mobile coupons http://bit.ly/ONH7w @safeway
negative,448,Tue Jun 02 04:42:34 UTC 2009,safeway,The safeway bathroom still smells like ass! @safeway
negative,449,Tue Jun 02 04:42:46 UTC 2009,safeway,"At safeway on elkhorn, they move like they're dead! @safeway"
neutral,451,Tue Jun 02 06:53:03 UTC 2009,eating,Your Normal Weight (and How to Get There) ? Normal Eating Blog http://bit.ly/ZeT8O @eating
neutral,452,Tue Jun 02 06:53:11 UTC 2009,eating,Is Eating and Watching Movies.... @eating
neutral,456,Tue Jun 02 06:53:27 UTC 2009,eating,eating sashimi @eating
neutral,457,Tue Jun 02 06:53:37 UTC 2009,eating,is eating  home made yema @eating
neutral,458,Tue Jun 02 06:54:16 UTC 2009,eating,eating cake @eating
positive,531,Thu Jun 04 16:49:55 UTC 2009,nike,i love Dwight Howard's vitamin water commercial... now i wish he was with NIKE and not adidas. lol. @nike
negative,532,Thu Jun 04 16:52:36 UTC 2009,nike,Found NOTHING at Nike Factory :/ Off to Banana Republic Outlet! http://myloc.me/2zic @nike
neutral,533,Thu Jun 04 16:53:09 UTC 2009,nike,iPhone May Get Radio Tagging and Nike  : Recently-released iTunes version 8.2 suggests that VoiceOver functional.. http://tinyurl.com/oq5ctc @nike
positive,534,Thu Jun 04 16:54:23 UTC 2009,nike,is lovin his Nike  already and that's only from running on the spot in his bedroom @nike
neutral,556,Sun Jun 07 01:12:50 UTC 2009,jquery,Launched! http://imgsearch.net  #imgsearch #ajax #jquery #webapp @jquery
positive,557,Sun Jun 07 01:13:52 UTC 2009,jquery,@matthewcyan I finally got around to using jquery to make my bio collapse. Yay for slide animations. @jquery
neutral,558,Sun Jun 07 01:14:08 UTC 2009,jquery,RT @jquery: The Ultimate jQuery List - http://jquerylist.com/ @jquery
neutral,559,Sun Jun 07 01:14:15 UTC 2009,jquery,I just extracted and open-sourced a jQuery plugin from Stormweight to highlight text with a regular expression: http://bit.ly/ybJKb @jquery
neutral,560,Sun Jun 07 01:14:19 UTC 2009,jquery,@anna_debenham what was the php jquery hack? @jquery
neutral,561,Sun Jun 07 01:14:42 UTC 2009,jquery,jQuery Cheat Sheet http://www.javascripttoolbox.com/jquery/cheatsheet/ @jquery
neutral,562,Sun Jun 07 01:15:04 UTC 2009,jquery,Beginning JavaScript and CSS Development with jQuery #javascript #css #jquery http://bit.ly/TO3e5 @jquery
positive,563,Sun Jun 07 03:27:57 UTC 2009,warren buffet,"@PDubyaD right!!! LOL we'll get there!! I have high expectations, Warren Buffet style. @warren buffet"
positive,564,Sun Jun 07 03:28:08 UTC 2009,warren buffet,"RT @blknprecious1: RT GREAT @dbroos ""Someone's sitting in the shade today because someone planted a tree a long time ago.""- Warren Buffet @warren buffet"
neutral,565,Sun Jun 07 03:28:50 UTC 2009,warren buffet,Warren Buffet on the economy http://ping.fm/Lau0p @warren buffet
positive,566,Sun Jun 07 03:29:15 UTC 2009,warren buffet,"Warren Buffet became (for a time) the richest man in the United States, not by working but investing in 1 Big idea which lead to the fortune @warren buffet"
positive,567,Sun Jun 07 17:42:47 UTC 2009,notre dame school,"According to the create a school, Notre Dame will have 7 receivers in NCAA 10 at 84 or higher rating :) *sweet* @notre dame school"
neutral,568,Sun Jun 07 17:42:56 UTC 2009,notre dame school,All-Star Basketball Classic Tuesday Features Top Talent: Chattanooga's Notre Dame High School will play host.. http://bit.ly/qltJA @notre dame school
positive,569,Sun Jun 07 21:38:16 UTC 2009,kindle2,@BlondeBroad it's definitely under warranty &amp; my experience is the amazon support for kindle is great! had to contact them about my kindle2 @kindle2
neutral,570,Sun Jun 07 21:38:42 UTC 2009,kindle2,"RT Look, Available !Amazon Kindle2 &amp; Kindle DX, Get it Here: http://short.to/87ub The Top Electronic Book Reader Period, free 2 day ship ... @kindle2"
negative,571,Sun Jun 07 21:47:01 UTC 2009,time warner,Time Warner Road Runner customer support here absolutely blows. I hate not having other high-speed net options. I'm ready to go nuclear. @time warner
negative,572,Sun Jun 07 21:47:20 UTC 2009,time warner,Time Warner cable phone reps r dumber than nails!!!!! UGH! Cable was working 10 mins ago now its not WTF! @time warner
negative,573,Sun Jun 07 21:47:33 UTC 2009,time warner,@siratomofbones we tried but Time Warner wasn't being nice so we recorded today. :) @time warner
negative,574,Sun Jun 07 21:47:42 UTC 2009,time warner,OMG - time warner f'ed up my internet install - instead of today  its now NEXT saturday - another week w/o internet! &amp;$*ehfa^V9fhg[*# fml. @time warner
negative,575,Sun Jun 07 21:47:50 UTC 2009,time warner,"wth..i have never seen a line this loooong at time warner before, ugh. @time warner"
negative,576,Sun Jun 07 21:47:56 UTC 2009,time warner,Impatiently awaiting the arrival of the time warner guy. It's way too pretty to be inside all afternoon @time warner
neutral,577,Mon Jun 08 00:01:29 UTC 2009,federer,Man accosts Roger Federer during French Open http://ff.im/3HCPT @federer
negative,578,Mon Jun 08 01:58:49 UTC 2009,"""naive bayes""","Naive Bayes using EM for Text Classification. Really Frustrating... @""naive bayes"""
positive,585,Mon Jun 08 06:28:01 UTC 2009,stanford,We went to Stanford University today. Got a tour. Made me want to go back to college. It's also decided all of our kids will go there. @stanford
neutral,586,Mon Jun 08 06:28:05 UTC 2009,stanford,Investigation pending on death of Stanford CS prof / Google mentor Rajeev Motwani http://bit.ly/LwOUR tip @techmeme @stanford
neutral,587,Mon Jun 08 06:28:23 UTC 2009,stanford,"I'm going to bed. It was a successful weekend. Stanford, here I come. @stanford"
negative,588,Mon Jun 08 06:55:01 UTC 2009,car warranty call,"@KarrisFoxy If you're being harassed by calls about your car warranty, changing your number won't fix that. They call every number. #d-bags @car warranty call"
negative,589,Mon Jun 08 06:55:36 UTC 2009,car warranty call,Just blocked United Blood Services using Google Voice. They call more than those Car Warranty guys. @car warranty call
negative,594,Mon Jun 08 19:59:16 UTC 2009,at&t,#at&amp;t is complete fail. @at&t
negative,595,Mon Jun 08 19:59:23 UTC 2009,at&t,@broskiii OH SNAP YOU WORK AT AT&amp;T DON'T YOU @at&t
negative,596,Mon Jun 08 19:59:26 UTC 2009,at&t,@Mbjthegreat i really dont want AT&amp;T phone service..they suck when it comes to having a signal @at&t
negative,597,Mon Jun 08 20:00:52 UTC 2009,at&t,"I say we just cut out the small talk: AT&amp;T's new slogan: F__k you, give us your money. (Apologies to Bob Geldof.) @at&t"
negative,598,Mon Jun 08 20:01:11 UTC 2009,at&t,pissed about at&amp;t's mid-contract upgrade price for the iPhone (it's $200 more) I'm not going to pay $499 for something I thought was $299 @at&t
negative,599,Mon Jun 08 20:02:01 UTC 2009,at&t,Safari 4 is fast :) Even on my shitty AT&amp;T tethering. @at&t
negative,600,Mon Jun 08 20:06:29 UTC 2009,at&t,@ims What is AT&amp;T fucking up? @at&t
negative,601,Mon Jun 08 20:06:57 UTC 2009,at&t,@springsingfiend @dvyers @sethdaggett @jlshack AT&amp;T dropped the ball and isn't supporting crap with the new iPhone 3.0... FAIL #att SUCKS!!! @at&t
negative,602,Mon Jun 08 20:08:26 UTC 2009,at&t,"@MMBarnhill yay, glad you got the phone! Still, damn you, AT&amp;T. @at&t"
neutral,603,Mon Jun 08 20:46:01 UTC 2009,wave sandbox,Google Wave Developer Sandbox Account Request http://bit.ly/2NYlc @wave sandbox
negative,613,Tue Jun 09 01:02:11 UTC 2009,bing,"Talk is Cheap: Bing that, I?ll stick with Google. http://bit.ly/XC3C8 @bing"
negative,614,Tue Jun 09 03:58:40 UTC 2009,summize,"@defsounds WTF is the point of deleting tweets if they can still be found in summize and searches? Twitter, please fix that. Thanks and bye @summize"
neutral,626,Wed Jun 10 05:24:16 UTC 2009,google,@mattcutts have google profiles stopped showing up in searches? cant see them anymore @google
positive,627,Wed Jun 10 05:24:26 UTC 2009,google,@ArunBasilLal I love Google Translator too ! :D Good day mate ! @google
positive,1002,Mon May 11 03:17:54 UTC 2009,kindle2,reading on my new Kindle2! @kindle2
positive,1003,Mon May 11 03:18:59 UTC 2009,kindle2,My Kindle2 came and I LOVE it! :) @kindle2
positive,1004,Mon May 11 03:21:50 UTC 2009,kindle2,"LOVING my new Kindle2.  Named her Kendra in case u were wondering. The ""cookbook"" is THE tool cuz it tells u all the tricks!  Best gift EVR! @kindle2"
negative,1005,Mon May 11 03:22:24 UTC 2009,aig,The real AIG scandal / http://bit.ly/b82Px @aig
neutral,1006,Mon May 11 03:27:20 UTC 2009,twitter,Any twitter to aprs apps yet? @twitter
neutral,1007,Mon May 11 03:27:58 UTC 2009,twitter,45 Pros You Should Be Following on Twitter - http://is.gd/sMbZ @twitter
positive,1008,Mon May 11 03:29:01 UTC 2009,obama,Obama is quite a good comedian! check out his dinner speech on CNN :) very funny jokes. @obama
positive,1009,Mon May 11 03:29:38 UTC 2009,obama,"' Barack Obama shows his funny side "" &gt;&gt; http://tr.im/l0gY !! Great speech.. @obama"
positive,1010,Mon May 11 03:29:41 UTC 2009,obama,"I like this guy : ' Barack Obama shows his funny side "" &gt;&gt; http://tr.im/l0gY !! @obama"
positive,1011,Mon May 11 03:32:35 UTC 2009,obama,Obama's speech was pretty awesome last night! http://bit.ly/IMXUM @obama
positive,1012,Mon May 11 03:33:05 UTC 2009,obama,"Reading  ""Bill Clinton Fail - Obama Win?"" http://tinyurl.com/pcyxj7 @obama"
positive,1013,Mon May 11 03:33:43 UTC 2009,obama,Obama More Popular Than U.S. Among Arabs: Survey: President Barack Obama's popularity in leading Arab countries .. http://tinyurl.com/prlvqu @obama
positive,1014,Mon May 11 03:34:04 UTC 2009,obama,Obama's got JOKES!! haha just got to watch a bit of his after dinner speech from last night... i'm in love with mr. president ;) @obama
negative,1015,Mon May 11 05:19:58 UTC 2009,lebron,LEbron james got in a car accident i guess..just heard it on evening news...wow i cant believe it..will he be ok ? http://twtad.com/69750 @lebron
positive,1016,Mon May 11 05:20:22 UTC 2009,lebron,is it me or is this the best the playoffs have been in years oh yea lebron and melo in the finals @lebron
positive,1017,Mon May 11 05:20:41 UTC 2009,lebron,"@khalid0456 No, Lebron is the best @lebron"
positive,1018,Mon May 11 05:20:48 UTC 2009,lebron,@the_real_usher LeBron is cool.  I like his personality...he has good character. @lebron
positive,1019,Mon May 11 05:21:25 UTC 2009,lebron,Watching Lebron highlights. Damn that niggas good @lebron
positive,1020,Mon May 11 05:21:57 UTC 2009,lebron,@Lou911 Lebron is MURDERING shit. @lebron
positive,1021,Mon May 11 05:22:06 UTC 2009,lebron,@uscsports21 LeBron is a monsta and he is only 24. SMH The world ain't ready. @lebron
positive,1022,Mon May 11 05:22:26 UTC 2009,lebron,@cthagod when Lebron is done in the NBA he will probably be greater than Kobe. Like u said Kobe is good but there alot of 'good' players. @lebron
positive,1023,Mon May 11 05:22:40 UTC 2009,lebron,KOBE IS GOOD BT LEBRON HAS MY VOTE @lebron
negative,1024,Mon May 11 05:22:51 UTC 2009,lebron,Kobe is the best in the world not lebron . @lebron
positive,1025,Mon May 11 05:52:44 UTC 2009,world cup,"@asherroth World Cup 2010 Access?? Damn, that's a good look! @world cup"
positive,1026,Mon May 11 05:53:33 UTC 2009,world cup 2010,Just bought my tickets for the 2010 FIFA World Cup in South Africa. Its going to be a great summer. http://bit.ly/9GEZI @world cup 2010
neutral,1031,Mon May 11 19:49:06 UTC 2009,fred wilson,Share: Disruption...Fred Wilson's slides for his talk at Google HQ  http://bit.ly/Bo8PG @fred wilson
negative,2010,Thu May 14 02:58:11 UTC 2009,"""booz allen""","I have to go to Booz Allen Hamilton for a 2hr meeting :(  But then i get to go home :) @""booz allen"""
positive,2011,Thu May 14 03:41:01 UTC 2009,indian election,"The great Indian tamasha truly will unfold from May 16, the result day for Indian General Election. @indian election"
positive,2012,Thu May 14 05:23:32 UTC 2009,kindle2,"@crlane I have the Kindle2. I've seen pictures of the DX, but haven't seen it in person. I love my Kindle - I'm on it everyday. @kindle2"
positive,2013,Thu May 14 05:24:33 UTC 2009,kindle2,@criticalpath Such an awesome idea - the  continual learning program with a Kindle2  http://bit.ly/1ZLfF @kindle2
neutral,2014,Thu May 14 05:25:08 UTC 2009,40d,ok.. do nothing.. just thinking about 40D @40d
positive,2015,Thu May 14 05:26:03 UTC 2009,40d,"@faithbabywear Ooooh, what model are you getting??? I have the 40D and LOVE LOVE LOVE LOVE it! @40d"
positive,2018,Fri May 15 06:45:54 UTC 2009,india election,The Times of India: The wonder that is India's election. http://bit.ly/p7u1H @india election
positive,2080,Sat May 16 16:18:47 UTC 2009,google,http://is.gd/ArUJ Good video from Google on using search options. @google
negative,2083,Sat May 16 22:42:21 UTC 2009,itchy,@ambcharlesfield lol. Ah my skin is itchy :( damn lawnmowing. @itchy
negative,2084,Sat May 16 22:42:40 UTC 2009,itchy,itchy back!! dont ya hate it! @itchy
positive,2085,Sat May 16 23:48:10 UTC 2009,stanford,Stanford Charity Fashion Show a top draw http://cli.gs/NeNuAH @stanford
positive,2086,Sat May 16 23:48:38 UTC 2009,stanford,Stanford University?s Facebook Profile is One of the Most Popular Official University Pages - http://tinyurl.com/p5b3fl @stanford
positive,2087,Sat May 16 23:58:44 UTC 2009,lyx,Lyx is cool. @lyx
positive,2093,Sun May 17 15:04:50 UTC 2009,Danny Gokey,SOOO DISSAPOiNTED THEY SENT DANNY GOKEY HOME... YOU STiLL ROCK ...DANNY ... MY HOMETOWN HERO !! YEAH MiLROCKEE!! @Danny Gokey
positive,2094,Sun May 17 15:04:55 UTC 2009,Danny Gokey,"RT @PassionModel 'American Idol' fashion: Adam Lambert tones down, Danny Gokey cute ... http://cli.gs/7JWSHV @Danny Gokey"
positive,2095,Sun May 17 15:05:07 UTC 2009,Danny Gokey,@dannygokey I love you DANNY GOKEY!! :) @Danny Gokey
neutral,2096,Sun May 17 15:10:58 UTC 2009,gm,RT @justindavey: RT @tweetmeme GM OnStar now instantly sends accident location coordinates to 911 | GPS Obsessed http://bit.ly/16szL1 @gm
negative,2097,Sun May 17 17:27:54 UTC 2009,sleep,so tired. i didn't sleep well at all last night. @sleep
negative,2098,Sun May 17 17:29:05 UTC 2009,san francisco,Boarding plane for San Francisco in 1 hour; 6 hr flight. Blech. @san francisco
negative,2099,Sun May 17 17:29:41 UTC 2009,san francisco,bonjour San Francisco. My back hurts from last night.. @san francisco
neutral,2100,Sun May 17 17:30:03 UTC 2009,san francisco,"breakers. in San Francisco, CA http://loopt.us/4v88Bw.t @san francisco"
neutral,2101,Sun May 17 17:30:25 UTC 2009,san francisco,Heading to San Francisco @san francisco
positive,2102,Sun May 17 17:30:48 UTC 2009,san francisco,With my best girl for a few more hours in San francisco. Mmmmmfamily is wonderful! @san francisco
negative,2103,Sun May 17 17:31:44 UTC 2009,aig,"F*** up big, or go home - AIG @aig"
positive,2104,Sun May 17 17:34:55 UTC 2009,star trek,Went to see the Star Trek movie last night.  Very satisfying. @star trek
positive,2105,Sun May 17 17:35:23 UTC 2009,star trek,"I can't wait, going to see star trek tonight!! @star trek"
positive,2106,Sun May 17 17:35:58 UTC 2009,star trek,Star Trek was as good as everyone said!! @star trek
positive,2107,Mon May 18 01:13:21 UTC 2009,Malcolm Gladwell,am loving new malcolm gladwell book - outliers @Malcolm Gladwell
positive,2108,Mon May 18 01:13:42 UTC 2009,Malcolm Gladwell,I highly recommend Malcolm Gladwell's 'The Tipping Point.' My next audiobook will probably be one of his as well. @Malcolm Gladwell
negative,2109,Mon May 18 01:14:02 UTC 2009,Malcolm Gladwell,Malcolm Gladwell is a genius at tricking people into not realizing he's a fucking idiot @Malcolm Gladwell
negative,2110,Mon May 18 01:14:35 UTC 2009,Malcolm Gladwell,"@sportsguy33 hey no offense but malcolm gladwell is a pretenious, annoying cunt and he brings you down. cant read his shit @Malcolm Gladwell"
positive,2111,Mon May 18 01:15:31 UTC 2009,Malcolm Gladwell,RT @clashmore: http://bit.ly/SOYv7  Great article by Malcolm Gladwell. @Malcolm Gladwell
positive,2112,Mon May 18 01:16:10 UTC 2009,Malcolm Gladwell,I seriously underestimated Malcolm Gladwell.  I want to meet this dude. @Malcolm Gladwell
negative,2113,Mon May 18 01:21:12 UTC 2009,comcast,i hate comcast right now. everything is down cable internet &amp; phone....ughh what am i to do @comcast
negative,2114,Mon May 18 01:22:40 UTC 2009,comcast,Comcast sucks. @comcast
negative,2115,Mon May 18 01:23:00 UTC 2009,comcast,The day I never have to deal with Comcast again will rank as one of the best days of my life. @comcast
negative,2116,Mon May 18 01:23:30 UTC 2009,comcast,@Dommm did comcast fail again?? @comcast
neutral,2117,Mon May 18 03:10:34 UTC 2009,"""twitter api""","How do you use the twitter API?... http://bit.ly/4VBhH @""twitter api"""
negative,2118,Mon May 18 03:10:52 UTC 2009,"""twitter api""","curses the Twitter API limit @""twitter api"""
negative,2119,Mon May 18 03:11:27 UTC 2009,"""twitter api""","Now I can see why Dave Winer screams about lack of Twitter API, its limitations and access throttles! @""twitter api"""
neutral,2120,Mon May 18 03:11:50 UTC 2009,"""twitter api""","testing Twitter API @""twitter api"""
negative,2121,Mon May 18 03:12:09 UTC 2009,"""twitter api""","Arg. Twitter API is making me crazy. @""twitter api"""
neutral,2122,Mon May 18 03:12:23 UTC 2009,"""twitter api""","Testing Twitter API. Remote Update @""twitter api"""
positive,2137,Tue May 19 16:20:40 UTC 2009,wolfram alpha,I'm really loving the new search site Wolfram/Alpha. Makes Google seem so ... quaint. http://www72.wolframalpha.com/ @wolfram alpha
negative,2138,Tue May 19 16:21:05 UTC 2009,wolfram alpha,"#wolfram Alpha SUCKS! Even for researchers the information provided is less than you can get from #google or #wikipedia, totally useless! @wolfram alpha"
positive,2139,Wed May 20 02:37:18 UTC 2009,nike,Off to the NIKE factory!!! @nike
positive,2140,Wed May 20 02:38:17 UTC 2009,nike,New nike muppet commercials are pretty cute. Why do we live together again? @nike
neutral,2141,Wed May 20 02:38:28 UTC 2009,nike,New blog post: Nike Zoom LeBron Soldier 3 (III) - White / Black - Teal http://bit.ly/rouUS @nike
neutral,2142,Wed May 20 02:38:47 UTC 2009,nike,New blog post: Nike Trainer 1 http://bit.ly/394bp @nike
negative,2143,Wed May 20 02:39:22 UTC 2009,nike,@Fraggle312 oh those are awesome! i so wish they weren't owned by nike :( @nike
positive,2158,Sat May 23 04:23:54 UTC 2009,shoreline amphitheatre,@tonyhawk http://twitpic.com/5c7uj - AWESOME!!! Seeing the show Friday at the Shoreline Amphitheatre. Never seen NIN before. Can't wait. ... @shoreline amphitheatre
negative,2159,Sat May 23 20:43:16 UTC 2009,weka,"arhh, It's weka bug. = ="" and I spent almost two hours to find that out. crappy me @weka"
positive,2160,Sun May 24 16:18:46 UTC 2009,50d,"@mitzs hey bud :) np I do so love my 50D, although I'd love a 5D mkII more @50d"
positive,2161,Sun May 24 16:18:54 UTC 2009,50d,@jonduenas @robynlyn just got us a 50D for the office. :D @50d
positive,2162,Sun May 24 16:19:00 UTC 2009,50d,Just picked up my new Canon 50D...it's beautiful!!  Prepare for some seriously awesome photography! @50d
positive,2163,Sun May 24 16:19:03 UTC 2009,50d,Just got my new toy. Canon 50D. Love love love it! @50d
positive,2164,Sun May 24 20:48:13 UTC 2009,lambda calculus,Learning about lambda calculus :) @lambda calculus
neutral,2165,Sun May 24 20:49:34 UTC 2009,east palo alto,"#jobs #sittercity Help with taking care of sick child (East Palo Alto, CA) http://tinyurl.com/qwrr2m @east palo alto"
positive,2166,Sun May 24 20:50:19 UTC 2009,east palo alto,I'm moving to East Palo Alto! @east palo alto
positive,2171,Mon May 25 17:14:58 UTC 2009,stanford,@ atebits I just finished watching your Stanford iPhone Class session. I really appreciate it. You Rock! @stanford
positive,2172,Mon May 25 17:15:05 UTC 2009,stanford,@jktweet Hi! Just saw your Stanford talk and really liked your advice. Just saying Hi from Singapore (yes the videos do get around) @stanford
neutral,2173,Mon May 25 17:15:18 UTC 2009,stanford,#MBA Admissions Tips Stanford GSB Deadlines and Essay Topics 2009-2010 http://tinyurl.com/pet4fd @stanford
neutral,2174,Mon May 25 17:15:35 UTC 2009,stanford,Ethics and nonprofits - http://bit.ly/qsXRp  #stanford #socialentrepreneurship @stanford
positive,2175,Mon May 25 17:16:52 UTC 2009,lakers,LAKERS tonight let's go!!!! @lakers
positive,2176,Mon May 25 17:17:10 UTC 2009,lakers,Will the Lakers kick the Nuggets ass tonight? @lakers
negative,2177,Mon May 25 17:18:49 UTC 2009,north korea,Oooooooh... North Korea is in troubleeeee! http://bit.ly/19epAH @north korea
negative,2178,Mon May 25 17:19:07 UTC 2009,north korea,Wat the heck is North Korea doing!!??!! They just conducted powerful nuclear tests! Follow the link: http://www.msnbc.msn.com/id/30921379 @north korea
negative,2179,Mon May 25 17:19:30 UTC 2009,north korea,Listening to Obama... Friggin North Korea... @north korea
negative,2180,Mon May 25 17:21:16 UTC 2009,pelosi,"I just realized we three monkeys in the white Obama.Biden,Pelosi . Sarah Palin 2012 @pelosi"
negative,2181,Mon May 25 17:21:30 UTC 2009,pelosi,@foxnews Pelosi should stay in China and never come back. @pelosi
negative,2182,Mon May 25 17:21:35 UTC 2009,pelosi,Nancy Pelosi gave the worst commencement speech I've ever heard. Yes I'm still bitter about this @pelosi
negative,2183,Mon May 25 17:25:36 UTC 2009,insects,ugh. the amount of times these stupid insects have bitten me. Grr.. @insects
positive,2184,Mon May 25 17:25:54 UTC 2009,insects,Prettiest insects EVER - Pink Katydids: http://bit.ly/2Upw2p @insects
negative,2185,Mon May 25 17:26:30 UTC 2009,insects,Just got barraged by a horde of insects hungry for my kitchen light. So scary. @insects
positive,2187,Mon May 25 17:29:06 UTC 2009,mcdonalds,Just had McDonalds for dinner. :D It was goooood. Big Mac Meal. ;) @mcdonalds
positive,2188,Mon May 25 17:29:11 UTC 2009,mcdonalds,AHH YES LOL IMA TELL MY HUBBY TO GO GET ME SUM MCDONALDS =] @mcdonalds
positive,2190,Mon May 25 17:29:46 UTC 2009,mcdonalds,Stopped to have lunch at McDonalds. Chicken Nuggetssss! :) yummmmmy. @mcdonalds
positive,2191,Mon May 25 17:29:51 UTC 2009,mcdonalds,Could go for a lot of McDonalds. i mean A LOT. @mcdonalds
positive,2193,Mon May 25 17:31:52 UTC 2009,exam,my exam went good. @HelloLeonie: your prayers worked (: @exam
positive,2194,Mon May 25 17:31:58 UTC 2009,exam,"Only one exam left, and i am so happy for it :D @exam"
negative,2195,Mon May 25 17:32:22 UTC 2009,exam,Math review. Im going to fail the exam. @exam
negative,2196,Mon May 25 17:35:08 UTC 2009,cheney,Colin Powell rocked yesterday on CBS. Cheney needs to shut the hell up and go home.Powell is a man of Honor and served our country proudly @cheney
negative,2197,Mon May 25 17:35:43 UTC 2009,cheney,obviously not siding with Cheney here: http://bit.ly/19j2d @cheney
positive,2202,Tue May 26 22:39:46 UTC 2009,mashable,Absolutely hilarious!!! from @mashable:  http://bit.ly/bccWt @mashable
positive,2203,Tue May 26 22:40:41 UTC 2009,mashable,@mashable I never did thank you for including me in your Top 100 Twitter Authors! You Rock! (&amp; I New Wave :-D) http://bit.ly/EOrFV @mashable
neutral,2204,Wed May 27 00:34:45 UTC 2009,jquery book,Learning jQuery 1.3 Book Review - http://cfbloggers.org/?c=30629 @jquery book
positive,2205,Wed May 27 00:37:30 UTC 2009,jquery book,RT @shrop: Awesome JQuery reference book for Coda! http://www.macpeeps.com/coda/ #webdesign @jquery book
positive,2206,Wed May 27 00:38:44 UTC 2009,goodby silverstein,I've been sending e-mails like crazy today to my contacts...does anyone have a contact at Goodby SIlverstein...I'd love to speak to them @goodby silverstein
neutral,2207,Wed May 27 00:39:05 UTC 2009,goodby silverstein,Adobe CS4 commercial by Goodby Silverstein: http://bit.ly/1aikhF @goodby silverstein
positive,2208,Wed May 27 00:39:17 UTC 2009,goodby silverstein,"Goodby, Silverstein's new site... http://www.goodbysilverstein.com/ I enjoy it. @goodby silverstein"
positive,2220,Wed May 27 23:49:35 UTC 2009,g2,Wow everyone at the Google I/O conference got free G2's with a month of unlimited service @g2
positive,2221,Wed May 27 23:50:26 UTC 2009,g2,@vkerkez dood I got a free google android phone at the I/O conference. The G2! @g2
positive,2222,Wed May 27 23:50:48 UTC 2009,g2,"@Orli the G2 is amazing btw, a HUGE improvement over the G1 @g2"
positive,2223,Wed May 27 23:56:46 UTC 2009,googleio,"HTML 5 Demos! Lots of great stuff to come! Yes, I'm excited. :) http://htmlfive.appspot.com #io2009 #googleio @googleio"
positive,2224,Wed May 27 23:56:53 UTC 2009,googleio,@googleio http://twitpic.com/62shi - Yay! Happy place! Place place!  I love Google! @googleio
positive,2225,Wed May 27 23:57:02 UTC 2009,googleio,#GoogleIO | O3D - Bringing 3d graphics to the browser. Very nice tbh. Funfun. @googleio
positive,2295,Sun May 31 06:51:32 UTC 2009,viral marketing,"Awesome viral marketing for ""Funny People"" http://www.nbc.com/yo-teach/ @viral marketing"
neutral,2296,Sun May 31 06:54:34 UTC 2009,hitler,"Watching a programme about the life of Hitler, its only enhancing my geekiness of history. @hitler"
negative,2355,Tue Jun 02 02:54:08 UTC 2009,"""night at the museum""","saw night at the museum out of sheer desperation. who is funding these movies? @""night at the museum"""
positive,2356,Tue Jun 02 02:54:11 UTC 2009,"""night at the museum""","Night At The Museum 2? Pretty furkin good. @""night at the museum"""
positive,2357,Tue Jun 02 02:54:14 UTC 2009,"""night at the museum""","Watching Night at the Museum - giggling. @""night at the museum"""
neutral,2358,Tue Jun 02 02:54:29 UTC 2009,"""night at the museum""","@pambeeslyjenna Jenna, I went to see Night At The Museum 2 today and I was so surprised to see three cast members from The Office... @""night at the museum"""
neutral,2359,Tue Jun 02 02:54:42 UTC 2009,"""night at the museum""","About to watch Night at the Museum with Ryan and Stacy @""night at the museum"""
neutral,2360,Tue Jun 02 02:54:49 UTC 2009,"""night at the museum""","Getting ready to go watch Night at the Museum 2.  Dum dum, you give me gum gum! @""night at the museum"""
negative,2361,Tue Jun 02 02:55:06 UTC 2009,"""night at the museum""","Back from seeing 'Star Trek' and 'Night at the Museum.' 'Star Trek' was amazing, but 'Night at the Museum' was; eh. @""night at the museum"""
positive,2362,Tue Jun 02 02:55:31 UTC 2009,"""night at the museum""","just watched night at the museum 2! so stinkin cute! @""night at the museum"""
positive,2363,Tue Jun 02 02:55:50 UTC 2009,"""night at the museum""","So, Night at the Museum 2 was AWESOME! Much better than part 1. Next weekend we'll see Up. @""night at the museum"""
neutral,2364,Tue Jun 02 02:56:13 UTC 2009,"""night at the museum""","I think I may have a new favorite restaurant. On our way to see ""Night at the Museum 2"". @""night at the museum"""
neutral,2365,Tue Jun 02 02:56:31 UTC 2009,"""night at the museum""","UP! was sold out, so i'm seeing Night At The Museum 2. I'm __ years old. @""night at the museum"""
positive,2366,Tue Jun 02 02:56:44 UTC 2009,"""night at the museum""","saw the new Night at the Museum and i loved it. Next is to go see UP in 3D @""night at the museum"""
negative,2367,Tue Jun 02 03:00:28 UTC 2009,gm,It is a shame about GM. What if they are forced to make only cars the White House THINKS will sell? What do you think? @gm
negative,2368,Tue Jun 02 03:00:40 UTC 2009,gm,"As u may have noticed, not too happy about the GM situation, nor AIG, Lehman, et al @gm"
neutral,2369,Tue Jun 02 03:00:51 UTC 2009,gm,Obama: Nationalization of GM to be short-term   (AP) http://tinyurl.com/md347r @gm
negative,2370,Tue Jun 02 03:02:00 UTC 2009,gm,@Pittstock $GM good riddance.  sad though. @gm
negative,2371,Tue Jun 02 03:02:34 UTC 2009,gm,"I Will NEVER Buy a Government Motors Vehicle: Until just recently, I drove GM cars. Since 1988, when I bought a .. http://tinyurl.com/lulsw8 @gm"
negative,2372,Tue Jun 02 03:04:22 UTC 2009,gm,Having the old Coca-Cola guy on the GM board is stupid has heck! #tcot #ala @gm
negative,2373,Tue Jun 02 03:04:35 UTC 2009,gm,#RantsAndRaves The worst thing about GM (concord / pleasant hill / martinez): is the fucking UAW. ..   http://buzzup.com/4ueb @gm
negative,2374,Tue Jun 02 03:04:45 UTC 2009,gm,"Give a man a fish, u feed him for the day. Teach him to fish, u feed him for life. Buy him GM, and u F**K him over for good. @gm"
negative,2375,Tue Jun 02 03:05:18 UTC 2009,gm,"The more I hear about this GM thing the more angry I get. Billions wasted, more bullshit. All for something like 40k employees and all the.. @gm"
negative,2376,Tue Jun 02 03:05:50 UTC 2009,gm,@QuantTrader i own a GM car and it is junk as far as quality compared to a honda @gm
negative,2377,Tue Jun 02 03:06:40 UTC 2009,gm,sad day...bankrupt GM @gm
negative,2378,Tue Jun 02 03:06:45 UTC 2009,gm,is upset about the whole GM thing. life as i know it is so screwed up @gm
negative,2379,Tue Jun 02 03:14:21 UTC 2009,time warner,whoever is running time warner needs to be repeatedly raped by a rhino so they understand the consequences of putting out shitty cable svcs @time warner
neutral,2380,Tue Jun 02 03:14:32 UTC 2009,time warner,"Time Warner CEO hints at online fees for magazines      (AP) - Read from Mountain View,United States. Views 16209 http://bit.ly/UdFCH @time warner"
negative,2381,Tue Jun 02 03:15:18 UTC 2009,time warner,#WFTB Joining a bit late. My connection was down (boo time warner) @time warner
negative,2382,Tue Jun 02 03:15:32 UTC 2009,time warner,Cox or Time Warner?  Cox is cheaper and gets a B on dslreports.  TW is more expensive and gets a C. @time warner
negative,2383,Tue Jun 02 03:15:52 UTC 2009,time warner,i am furious with time warner and their phone promotions! @time warner
negative,2384,Tue Jun 02 03:16:23 UTC 2009,time warner,Just got home from chick-fil-a with the boys. Damn my internets down =( stupid time warner @time warner
negative,2385,Tue Jun 02 03:16:42 UTC 2009,time warner,could time-warner cable suck more?  NO. @time warner
negative,2386,Tue Jun 02 03:17:03 UTC 2009,time warner,Pissed at Time Warner for causin me to have slow internet problems @time warner
negative,2387,Tue Jun 02 03:18:04 UTC 2009,time warner,"@sportsguy33 Ummm, having some Time Warner problems? @time warner"
negative,2388,Tue Jun 02 03:18:49 UTC 2009,time warner,You guys see this?  Why does Time Warner have to suck so much ass?  Really wish I could get U-Verse at my apartment. http://bit.ly/s594j @time warner
negative,2389,Tue Jun 02 03:22:08 UTC 2009,time warner,"RT @sportsguy33 The upside to Time Warner: unhelpful phone operators   superslow on-site service. Crap, that's not an upside. @time warner"
negative,2390,Tue Jun 02 03:22:19 UTC 2009,time warner,"RT @sportsguy33: New Time Warner slogan: ""Time Warner, where we make you long for the days before cable."" @time warner"
negative,2391,Tue Jun 02 03:23:36 UTC 2009,time warner,"confirmed: it's Time Warner's fault, not Facebook's, that fb is taking about 3 minutes to load. so tempted to switch to verizon =/ @time warner"
negative,2392,Tue Jun 02 03:24:00 UTC 2009,time warner,@sportsguy33 Time Warner = epic fail @time warner
neutral,2393,Tue Jun 02 03:24:45 UTC 2009,china,Lawson to head Newedge Hong Kong http://bit.ly/xLQSD #business #china @china
neutral,2394,Tue Jun 02 03:24:59 UTC 2009,china,Weird Piano Guitar House in China! http://u2s.me/72i8 @china
neutral,2395,Tue Jun 02 03:27:19 UTC 2009,gm,Send us your GM/Chevy photos http://tinyurl.com/luzkpq @gm
negative,2396,Tue Jun 02 03:27:34 UTC 2009,gm,I know. How sad is that?  RT @caseymercier: 1st day of hurricane season. That's less scarey than govt taking over GM. @gm
negative,2397,Tue Jun 02 03:27:52 UTC 2009,gm,"GM files Bankruptcy, not a good sign... @gm"
positive,2398,Tue Jun 02 03:28:41 UTC 2009,yankees,yankees won mets lost. its a good day. @yankees
positive,2399,Tue Jun 02 03:29:47 UTC 2009,dentist,My dentist appt today was actually quite enjoyable. @dentist
negative,2400,Tue Jun 02 03:32:10 UTC 2009,dentist,I hate the effing dentist. @dentist
neutral,2401,Tue Jun 02 03:32:28 UTC 2009,dentist,@stevemoakler i had a dentist appt this morning and had the same conversation! @dentist
negative,2402,Tue Jun 02 03:33:25 UTC 2009,dentist,@kirstiealley I hate going to the dentist.. !!! @dentist
negative,2403,Tue Jun 02 03:34:23 UTC 2009,dentist,i hate the dentist....who invented them anyways? @dentist
negative,2404,Tue Jun 02 03:34:37 UTC 2009,dentist,this dentist's office is cold :/ @dentist
neutral,2405,Tue Jun 02 03:34:50 UTC 2009,dentist,Check this video out -- David After Dentist http://bit.ly/47aW2 @dentist
neutral,2406,Tue Jun 02 03:35:05 UTC 2009,dentist,First dentist appointment [in years] on Wednesday possibly. @dentist
neutral,2407,Tue Jun 02 04:29:14 UTC 2009,baseball,Tom Shanahan's latest column on SDSU and its NCAA Baseball Regional appearance: http://ow.ly/axhu @baseball
neutral,2408,Tue Jun 02 04:29:17 UTC 2009,baseball,BaseballAmerica.com: Blog: Baseball America Prospects Blog ? Blog ... http://bit.ly/EtT8a @baseball
neutral,2409,Tue Jun 02 04:29:28 UTC 2009,baseball,Portland city politics may undo baseball park http://tinyurl.com/lpjquj @baseball
neutral,2410,Tue Jun 02 04:39:41 UTC 2009,safeway,"RT @WaterSISWEB: CA Merced's water bottled by Safeway, resold at a profit: Wells are drying up across the county http://tinyurl.com/mb573s @safeway"
neutral,2411,Tue Jun 02 04:40:09 UTC 2009,safeway,dropped her broccoli walking home from safeway! ;( so depressed @safeway
neutral,2412,Tue Jun 02 04:41:05 UTC 2009,safeway,@ronjon we don't have Safeway. @safeway
positive,2413,Tue Jun 02 04:41:13 UTC 2009,safeway,Just applied at Safeway!(: Yeeeee! @safeway
negative,2414,Tue Jun 02 04:41:24 UTC 2009,safeway,@ Safeway. Place is a nightmare right now. Bumming. @safeway
neutral,2415,Tue Jun 02 04:41:32 UTC 2009,safeway,at safeway with dad @safeway
negative,2416,Tue Jun 02 04:41:41 UTC 2009,safeway,"HATE safeway select green tea icecream! bought two cartons, what a waste of money.  &gt;_&lt; @safeway"
neutral,2417,Tue Jun 02 04:42:00 UTC 2009,safeway,"Safeway with Marvin, Janelle, and Auntie Lhu @safeway"
neutral,2418,Tue Jun 02 04:42:29 UTC 2009,safeway,Safeway offering mobile coupons http://bit.ly/ONH7w @safeway
neutral,2419,Tue Jun 02 06:52:26 UTC 2009,driving,"Phillies Driving in the Cadillac with the Top Down in Cali, Win 5-3 - http://tinyurl.com/nzcjqa @driving"
neutral,2421,Tue Jun 02 06:53:09 UTC 2009,eating,Saved money by opting for grocery store trip and stocking food in hotel room fridge vs. eating out every night while out of town. @eating
neutral,2422,Tue Jun 02 06:53:15 UTC 2009,eating,"Lounging around, eating Taco Bell and watching NCIS before work tonight. Need help staying awake. @eating"
neutral,2426,Tue Jun 02 06:53:30 UTC 2009,eating,eating breakfast and then school @eating
neutral,2427,Tue Jun 02 06:53:32 UTC 2009,eating,still hungry after eating.... @eating
neutral,2428,Tue Jun 02 06:53:45 UTC 2009,eating,10 tips for healthy eating ? ResultsBy Fitness Blog :: Fitness ... http://bit.ly/62gFn @eating
neutral,2429,Tue Jun 02 06:54:11 UTC 2009,eating,"with the boyfriend, eating a quesadilla @eating"
neutral,2430,Tue Jun 02 06:54:19 UTC 2009,eating,"Eating dinner. Meat, chips, and risotto. @eating"
neutral,2502,Thu Jun 04 16:53:02 UTC 2009,nike,got a new pair of nike shoes. pics up later @nike
neutral,2503,Thu Jun 04 16:53:15 UTC 2009,nike,"Nike SB Blazer High ""ACG"" Custom - Brad Douglas - http://timesurl.at/45a448 @nike"
positive,2504,Thu Jun 04 16:53:20 UTC 2009,nike,Nike rocks. I'm super grateful for what I've done with them :) &amp; the European Division of NIKE is BEYOND! @whitSTYLES @muchasmuertes @nike
neutral,2505,Thu Jun 04 16:53:48 UTC 2009,nike,Nike Air Yeezy Khaki/Pink Colorway Release - http://shar.es/bjfN @nike
positive,2506,Thu Jun 04 16:54:17 UTC 2009,nike,@evelynbyrne have you tried Nike  ? V. addictive. @nike
neutral,2507,Thu Jun 04 16:54:32 UTC 2009,nike,@erickoston That looks an awful lot like one of Nike's private jets....I'm just sayin.... @nike
positive,2508,Thu Jun 04 16:54:36 UTC 2009,nike,The Nike Training Club (beta) iPhone app looks very interesting. @nike
negative,2529,Sun Jun 07 01:12:38 UTC 2009,jquery,argghhhh why won't  my jquery appear in safari bad safari !!! @jquery
neutral,2530,Sun Jun 07 01:12:44 UTC 2009,jquery,DevSnippets : jQuery Tools - Javascript UI Components for the Web... http://inblogs.org/go/hfuqt @jquery
neutral,2531,Sun Jun 07 01:12:46 UTC 2009,jquery,"all about Ajax,jquery ,css ,JavaScript and more... (many examples) http://ajaxian.com/ @jquery"
positive,2532,Sun Jun 07 01:13:23 UTC 2009,jquery,"I'm ready to drop the pretenses, I am forever in love with jQuery, and I want to marry it. Sorry ladies, this nerd is jquery.spokenFor.js @jquery"
neutral,2533,Sun Jun 07 01:13:34 UTC 2009,jquery,"This is cold.. I was looking at google's chart//visualization API and found this jQuery ""wrapper"" for the API...  http://tinyurl.com/mq52bq @jquery"
neutral,2534,Sun Jun 07 01:13:43 UTC 2009,jquery,I spent most of my day reading a jQuery book. Now to start drinking some delirium tremens. @jquery
neutral,2535,Sun Jun 07 01:14:41 UTC 2009,jquery,jquery Selectors http://codylindley.com/jqueryselectors/ @jquery
neutral,2536,Sun Jun 07 01:15:08 UTC 2009,jquery,How to implement a news ticker with jQuery and ten lines of code http://bit.ly/CZnFJ @jquery
neutral,2537,Sun Jun 07 03:27:52 UTC 2009,warren buffet,What's Buffet Doing? Warren Buffett Kicks Butt In Battle of the Boots: Posted By:Alex Crippe.. http://bit.ly/AUIzO @warren buffet
positive,2538,Sun Jun 07 03:28:18 UTC 2009,warren buffet,"SUPER INVESTORS: A great weekend read here from Warren Buffet. Oldie, but a goodie. http://tinyurl.com/oqxgga @warren buffet"
neutral,2539,Sun Jun 07 03:28:26 UTC 2009,warren buffet,I'm truly braindead.  I couldn't come up with Warren Buffet's name to save my soul @warren buffet
positive,2540,Sun Jun 07 03:29:04 UTC 2009,warren buffet,"reading Michael Palin book, The Python Years...great book. I also recommend Warren Buffet &amp; Nelson Mandela's bio @warren buffet"
positive,2541,Sun Jun 07 17:42:50 UTC 2009,notre dame school,"I mean, I'm down with Notre Dame if I have to.  It's a good school, I'd be closer to Dan, I'd enjoy it. @notre dame school"
negative,2543,Sun Jun 07 21:47:45 UTC 2009,time warner,"I can't watch TV without a Tivo.  And after all these years, the Time/Warner DVR  STILL sucks. http://www.davehitt.com/march03/twdvr.html @time warner"
positive,2544,Mon Jun 08 00:01:27 UTC 2009,federer,I'd say some sports writers are idiots for saying Roger Federer is one of the best ever in Tennis.  Roger Federer is THE best ever in Tennis @federer
negative,2545,Mon Jun 08 00:12:16 UTC 2009,kindle2,I still love my Kindle2 but reading The New York Times on it does not feel natural. I miss the Bloomingdale ads. @kindle2
positive,2546,Mon Jun 08 00:13:48 UTC 2009,kindle2,I love my Kindle2. No more stacks of books to trip over on the way to the loo. @kindle2
negative,2558,Mon Jun 08 19:59:10 UTC 2009,at&t,"Although today's keynote rocked, for every great announcement, AT&amp;T shit on us just a little bit more. @at&t"
negative,2559,Mon Jun 08 19:59:50 UTC 2009,at&t,"@sheridanmarfil - its not so much my obsession with cell phones, but the iphone!  i'm a slave to at&amp;t forever because of it. :) @at&t"
neutral,2560,Mon Jun 08 20:01:17 UTC 2009,at&t,@freitasm oh I see. I thought AT&amp;T were 900MHz WCDMA? @at&t
neutral,2561,Mon Jun 08 20:01:55 UTC 2009,at&t,@Plip Where did you read about tethering support Phil?  Just AT&amp;T or will O2 be joining in? @at&t
negative,2562,Mon Jun 08 20:06:40 UTC 2009,at&t,Fuzzball is more fun than AT&amp;T ;P http://fuzz-ball.com/twitter @at&t
negative,2563,Mon Jun 08 20:07:44 UTC 2009,at&t,"Today is a good day to dislike AT&amp;T. Vote out of office indeed, @danielpunkass @at&t"
positive,2564,Mon Jun 08 20:46:18 UTC 2009,wave sandbox,GOT MY WAVE SANDBOX INVITE! Extra excited! Too bad I have class now... but I'll play with it soon enough! #io2009 #wave @wave sandbox
negative,2575,Tue Jun 09 03:58:11 UTC 2009,summize,looks like summize has gone down. too many tweets from WWDC perhaps? @summize
neutral,2576,Tue Jun 09 05:14:20 UTC 2009,kindle2,I hope the girl at work  buys my Kindle2 @kindle2
neutral,2577,Tue Jun 09 05:14:32 UTC 2009,kindle2,Missed this insight-filled May column: One smart guy looking closely at why he's impressed with Kindle2 http://bit.ly/i0peY @wroush @kindle2
positive,2578,Tue Jun 09 05:17:27 UTC 2009,kindle2,"@sklososky Thanks so much!!! ...from one of your *very* happy Kindle2 winners ; ) I was so surprised, fabulous. Thank you! Best, Kathleen @kindle2"
negative,2579,Tue Jun 09 05:53:40 UTC 2009,iphone app,Man I kinda dislike Apple right now. Case in point: the iPhone 3GS. Wish there was a video recorder app. Please?? http://bit.ly/DZm1T @iphone app
positive,7011,Wed Jun 10 04:03:37 UTC 2009,kindle2,@cwong08 I have a Kindle2 (&amp; Sony PRS-500). Like it! Physical device feels good. Font is nice. Pg turns are snappy enuf. UI a little klunky. @kindle2
positive,7012,Wed Jun 10 04:03:53 UTC 2009,kindle2,"The #Kindle2 seems the best eReader, but will it work in the UK and where can I get one? @kindle2"
positive,7015,Wed Jun 10 05:24:40 UTC 2009,google,"I have a google addiction. Thank you for pointing that out, @annamartin123. Hahaha. @google"
neutral,7055,Wed Jun 10 15:31:56 UTC 2009,visa card,@ruby_gem My primary debit card is Visa Electron. @visa card
neutral,8051,Wed Jun 10 15:31:59 UTC 2009,visa card,Off to the bank to get my new visa platinum card @visa card
negative,8052,Wed Jun 10 15:32:06 UTC 2009,visa card,"dearest @google, you rich bastards! the VISA card you sent me doesn't work. why screw a little guy like me? @visa card"
neutral,13051,Sat Jun 13 16:23:31 UTC 2009,Bobby Flay,has a date with bobby flay and gut fieri from food network @Bobby Flay
positive,13052,Sat Jun 13 16:24:08 UTC 2009,Bobby Flay,Excited about seeing Bobby Flay and Guy Fieri tomorrow at the Great American Food &amp; Music Fest! @Bobby Flay
positive,13053,Sat Jun 13 16:24:12 UTC 2009,Bobby Flay,Gonna go see Bobby Flay 2moro at Shoreline. Eat and drink. Gonna be good. @Bobby Flay
positive,13054,Sat Jun 13 16:24:25 UTC 2009,Bobby Flay,can't wait for the great american food and music festival at shoreline tomorrow.  mmm...katz pastrami and bobby flay. yes please. @Bobby Flay
positive,13055,Sat Jun 13 16:24:34 UTC 2009,Bobby Flay,"My dad was in NY for a day, we ate at MESA grill last night and met Bobby Flay. So much fun, except I completely lost my voice today. @Bobby Flay"
negative,13073,Sun Jun 14 04:35:33 UTC 2009,latex,Fighting with LaTex. Again... @latex
negative,13074,Sun Jun 14 04:35:53 UTC 2009,latex,@Iheartseverus we love you too and don't want you to die!!!!!!  Latex = the devil @latex
negative,13075,Sun Jun 14 04:36:07 UTC 2009,latex,"7 hours. 7 hours of inkscape crashing, normally solid as a rock. 7 hours of LaTeX complaining at the slightest thing. I can't take any more. @latex"
neutral,13076,Sun Jun 14 21:35:58 UTC 2009,iran,How to Track Iran with Social Media: http://bit.ly/2BoqU @iran
negative,13077,Sun Jun 14 21:36:04 UTC 2009,iran,Shit's hitting the fan in Iran...craziness indeed #iranelection @iran
negative,13078,Sun Jun 14 21:36:09 UTC 2009,iran,Monday already. Iran may implode. Kitchen is a disaster. @annagoss seems happy. @sebulous had a nice weekend and @goldpanda is great. whoop. @iran
neutral,14045,Sat Jun 13 16:13:59 UTC 2009,aapl,Twitter Stock buzz: $AAPL $ES_F $SPY $SPX $PALM  (updated: 12:00 PM) @aapl
positive,14046,Sat Jun 13 16:23:41 UTC 2009,Bobby Flay,getting ready to test out some burger receipes this weekend. Bobby Flay has some great receipes to try. Thanks Bobby. @Bobby Flay
neutral,14049,Sat Jun 13 16:24:03 UTC 2009,Bobby Flay,@johncmayer is Bobby Flay joining you? @Bobby Flay
positive,14050,Sat Jun 13 16:24:15 UTC 2009,Bobby Flay,i lam so in love with Bobby Flay... he is my favorite. RT @terrysimpson: @bflay you need a place in Phoenix. We have great peppers here! @Bobby Flay
negative,14069,Sun Jun 14 04:31:12 UTC 2009,latex,"I just created my first LaTeX file from scratch. That didn't work out very well. (See @amandabittner , it's a great time waster) @latex"
positive,14070,Sun Jun 14 04:31:23 UTC 2009,latex,using Linux and loving it - so much nicer than windows... Looking forward to using the wysiwyg latex editor! @latex
positive,14071,Sun Jun 14 04:31:28 UTC 2009,latex,"After using LaTeX a lot, any other typeset mathematics just looks hideous. @latex"
neutral,14072,Sun Jun 14 04:31:43 UTC 2009,latex,Ask Programming: LaTeX or InDesign?: submitted by calcio1 [link] [1 comment] http://tinyurl.com/myfmf7 @latex
negative,14073,Sun Jun 14 04:32:17 UTC 2009,latex,"On that note, I hate Word. I hate Pages. I hate LaTeX. There, I said it. I hate LaTeX. All you TEXN3RDS can come kill me now. @latex"
positive,14074,Sun Jun 14 04:36:34 UTC 2009,latex,Ahhh... back in a *real* text editing environment. I &lt;3 LaTeX. @latex
negative,14075,Sun Jun 14 21:36:07 UTC 2009,iran,"Trouble in Iran, I see. Hmm. Iran. Iran so far away. #flockofseagullsweregeopoliticallycorrect @iran"
negative,14076,Sun Jun 14 21:36:17 UTC 2009,iran,Reading the tweets coming out of Iran... The whole thing is terrifying and incredibly sad... @iran
